{"cameraMode":{"drawMode":0,"name":"Shaded","section":"Shading Mode"},"sceneLighting":true,"audioPlay":false,"sceneViewState":{"m_AlwaysRefresh":false,"showFog":true,"showSkybox":true,"showFlares":true,"showImageEffects":true,"showParticleSystems":true,"showVisualEffectGraphs":true,"m_FxEnabled":true},"in2DMode":false,"pivot":{"x":1.0513322353363038,"y":1.4101943969726563,"z":0.14555466175079347},"rotation":{"x":0.3403882086277008,"y":-0.10937247425317764,"z":0.03990678861737251,"w":0.9330536127090454},"size":4.5038676261901859,"orthographic":false}