{"cameraMode":{"drawMode":0,"name":"Shaded","section":"Shading Mode"},"sceneLighting":true,"audioPlay":false,"sceneViewState":{"m_AlwaysRefresh":false,"showFog":true,"showSkybox":true,"showFlares":true,"showImageEffects":true,"showParticleSystems":true,"showVisualEffectGraphs":true,"m_FxEnabled":true},"in2DMode":false,"pivot":{"x":-8.719748497009278,"y":0.6438766717910767,"z":19.337783813476564},"rotation":{"x":0.005418690387159586,"y":0.9861170649528503,"z":-0.1626824140548706,"w":0.03284613415598869},"size":1.6862778663635255,"orthographic":false}